{
  "project_info": {
    "project_number": "498903630277",
    "project_id": "schrittzaehlerfacharbeit",
    "storage_bucket": "schrittzaehlerfacharbeit.appspot.com"
  },
  "client": [
    {
      "client_info": {
        "mobilesdk_app_id": "1:498903630277:android:fb5d24e127f0528620cbac",
        "android_client_info": {
          "package_name": "com.tobias.schrittzaehlerfacharbeit"
        }
      },
      "oauth_client": [
        {
          "client_id": "498903630277-unng34s73mm8pqanqgot4jvvsg1ftuqq.apps.googleusercontent.com",
          "client_type": 3
        }
      ],
      "api_key": [
        {
          "current_key": "AIzaSyBSeR_kw7MkmTklLNZScaoZoddS1ad4UY4"
        }
      ],
      "services": {
        "appinvite_service": {
          "other_platform_oauth_client": [
            {
              "client_id": "498903630277-unng34s73mm8pqanqgot4jvvsg1ftuqq.apps.googleusercontent.com",
              "client_type": 3
            }
          ]
        }
      }
    }
  ],
  "configuration_version": "1"
}